station,temperature,humidity,altitude,rain,flood
MUVATTUPUZHA,29.05,90.13,24,1579.21,1
MUVATTUPUZHA,28.84,78.28,24,336.05,0
MUVATTUPUZHA,31.97,80.21,24,517.58,0
MUVATTUPUZHA,25.9,66.43,24,59,0
MUVATTUPUZHA,27.32,59.66,24,145.44,0
MUVATTUPUZHA,29.61,69.27,24,323.91,0
MUVATTUPUZHA,28.98,61.4,24,424.99,0
MUVATTUPUZHA,28.21,56.22,24,126.85,0
MUVATTUPUZHA,26.91,84.52,24,851.74,1
MUVATTUPUZHA,26.21,62.62,24,146.83,0
MUVATTUPUZHA,26.25,84.04,24,932.41,1
MUVATTUPUZHA,25.88,66.72,24,328.69,0
MUVATTUPUZHA,25.26,82.25,24,777.64,1
MUVATTUPUZHA,31.81,88.06,24,615.56,0
MUVATTUPUZHA,25.85,90.3,24,1635.77,1
MUVATTUPUZHA,31.93,59.75,24,10.04,0
MUVATTUPUZHA,30.11,68.14,24,489.63,0
MUVATTUPUZHA,32.7,68.5,24,363.88,0
MUVATTUPUZHA,27.82,61.71,24,278.04,0
MUVATTUPUZHA,26.53598257,65.77549861,24,141.744344,0
MUVATTUPUZHA,31.4801135,74.81454636,24,331.1811035,0
MUVATTUPUZHA,30.32667524,83.76431198,24,591.0370373,0
MUVATTUPUZHA,29.43033891,74.54359713,24,149.5355095,0
MUVATTUPUZHA,26.1128495,58.8960439,24,83.84106521,0
MUVATTUPUZHA,27.22693828,75.80796899,24,336.4353231,0
MUVATTUPUZHA,31.77436471,73.97227008,24,167.0998509,0
MUVATTUPUZHA,31.13094119,88.452174,24,682.2916405,0
MUVATTUPUZHA,30.93889098,91.72704955,24,784.0086727,0
MUVATTUPUZHA,32.91009544,67.07385324,24,103.4570694,0
MUVATTUPUZHA,33.13708692,85.38165659,24,375.1710032,0
MUVATTUPUZHA,27.95785453,57.49303685,24,136.4982872,0
MUVATTUPUZHA,26.80916433,68.4331366,24,182.7974521,0
MUVATTUPUZHA,31.01628104,79.13926564,24,310.2291505,0
MUVATTUPUZHA,32.93636238,75.4793337,24,366.7110441,0
MUVATTUPUZHA,28.19740679,70.21624527,24,227.5790487,0
MUVATTUPUZHA,30.94617793,66.68868363,24,121.1706158,0
MUVATTUPUZHA,32.53365008,91.56869556,24,755.9280581,0
MUVATTUPUZHA,32.44359653,56.99495892,24,163.7297245,0
MUVATTUPUZHA,28.18631223,74.79671444,24,275.6218881,0
MUVATTUPUZHA,32.48455316,54.38471898,24,211.9276648,0
MUVATTUPUZHA,27.27388486,82.7477944,24,806.8571902,1
MUVATTUPUZHA,25.385824,65.12087254,24,279.0600094,0
MUVATTUPUZHA,32.45128226,66.47979825,24,188.9829125,0
MUVATTUPUZHA,32.07771544,59.47723528,24,170.4953242,0
MUVATTUPUZHA,26.92923047,89.5652495,24,1432.756408,1
MUVATTUPUZHA,27.8875434,84.72367811,24,984.084131,1
MUVATTUPUZHA,28.56794715,63.07983843,24,114.8487681,0
MUVATTUPUZHA,32.38911714,88.79275455,24,329.744319,0
MUVATTUPUZHA,32.64054317,75.87686968,24,272.4964033,0
MUVATTUPUZHA,27.54099497,60.72704158,24,214.6032414,0
MUVATTUPUZHA,28.06728761,67.74679731,24,117.871947,0
MUVATTUPUZHA,29.22015037,59.53110973,24,132.573297,0
MUVATTUPUZHA,25.54380728,87.4032981,24,811.4649422,1
MUVATTUPUZHA,30.36803281,77.33692211,24,144.8349441,0
MUVATTUPUZHA,25.77900629,86.12460547,24,821.7922025,1
MUVATTUPUZHA,27.60569171,90.27798051,24,905.5831544,1
MUVATTUPUZHA,29.33139325,79.64872582,24,399.7479479,0
MUVATTUPUZHA,28.68292122,79.27076701,24,421.6183991,0
MUVATTUPUZHA,28.79513248,79.36986409,24,261.3040888,0
MUVATTUPUZHA,27.80511347,60.03944083,24,245.476914,0
MUVATTUPUZHA,30.50079468,72.34513698,24,309.1676616,0
MUVATTUPUZHA,31.73033208,60.63820921,24,145.9005527,0
MUVATTUPUZHA,28.03844837,88.6044345,24,1235.015565,1
MUVATTUPUZHA,31.79696099,56.7147623,24,371.3409291,0
MUVATTUPUZHA,31.96123423,67.47011729,24,422.5101873,0
MUVATTUPUZHA,25.85948628,90.82293098,24,1442.726848,1
MUVATTUPUZHA,27.82001993,87.24057798,24,970.6727048,1
MUVATTUPUZHA,29.94262773,70.31306642,24,523.5051316,0
MUVATTUPUZHA,26.39505298,57.60926029,24,340.1426695,0
MUVATTUPUZHA,27.29497067,89.22712493,24,1561.663219,1
MUVATTUPUZHA,29.87244998,75.6051773,24,266.236471,0
MUVATTUPUZHA,27.83362981,69.15323016,24,340.6447135,0
MUVATTUPUZHA,25.46189672,72.61340951,24,310.2043457,0
MUVATTUPUZHA,27.56728376,88.98845485,24,902.541303,1
MUVATTUPUZHA,31.05942085,57.22655432,24,389.5755035,0
MUVATTUPUZHA,28.75972787,57.67583643,24,210.293221,0
MUVATTUPUZHA,26.72984189,72.61980248,24,290.5714099,0
MUVATTUPUZHA,31.69807221,83.39372097,24,486.5888367,0
MUVATTUPUZHA,32.02374462,77.7610099,24,308.6430444,0
MUVATTUPUZHA,30.38878146,91.33759548,24,906.0848741,0
MUVATTUPUZHA,30.45148395,81.06952524,24,567.4115396,0
MUVATTUPUZHA,28.46791177,55.16040196,24,145.8803198,0
MUVATTUPUZHA,29.67630834,90.4273705,24,1445.58826,1
MUVATTUPUZHA,26.39077334,77.28384785,24,98.66202973,0
MUVATTUPUZHA,26.23969828,77.65062871,24,148.8365077,0
MUVATTUPUZHA,29.52662103,64.54997065,24,496.3185648,0
MUVATTUPUZHA,27.37390048,60.68471837,24,31.28894907,0
MUVATTUPUZHA,31.42922283,57.04534957,24,306.6013076,0
MUVATTUPUZHA,32.89340056,69.23671072,24,299.856282,0
MUVATTUPUZHA,30.39148944,89.24763817,24,838.7133259,0
MUVATTUPUZHA,32.51474838,79.79523155,24,435.6564862,0
MUVATTUPUZHA,30.77321217,58.74215951,24,656.2726457,0
MUVATTUPUZHA,32.44123633,67.48570534,24,217.6612647,0
MUVATTUPUZHA,28.04222155,62.16941065,24,397.8447116,0
MUVATTUPUZHA,31.55827192,71.68130866,24,162.4932848,0
MUVATTUPUZHA,32.97500527,79.03559724,24,570.2830042,0
MUVATTUPUZHA,29.42102152,59.16634618,24,10.00012598,0
MUVATTUPUZHA,29.76099231,78.96942015,24,251.5303256,0
MUVATTUPUZHA,32.16867901,57.05002197,24,61.93833365,0
MUVATTUPUZHA,29.03407588,62.45311207,24,467.1688689,0
MUVATTUPUZHA,29.97051778,56.61922156,24,322.2642514,0
MUVATTUPUZHA,25.49045516,64.30040957,24,389.7334982,0
MUVATTUPUZHA,27.40402661,84.85148902,24,988.3161731,1
MUVATTUPUZHA,32.91689937,73.85575476,24,50.68021435,0
MUVATTUPUZHA,29.50379687,76.67316532,24,691.188525,0
MUVATTUPUZHA,31.08068796,56.82196291,24,109.6970694,0
MUVATTUPUZHA,31.42553548,62.45631231,24,40.33131696,0
MUVATTUPUZHA,29.71796529,81.72692625,24,436.4730313,0
MUVATTUPUZHA,30.32217611,84.87295805,24,403.4569614,0
MUVATTUPUZHA,30.2690222,64.49398391,24,9.273380054,0
MUVATTUPUZHA,29.61181192,56.51569447,24,561.8013166,0
MUVATTUPUZHA,31.78801968,87.03974656,24,844.3729484,0
MUVATTUPUZHA,30.69314318,57.37907635,24,67.67587287,0
MUVATTUPUZHA,28.38133105,77.22353839,24,460.0066405,0
MUVATTUPUZHA,32.45495486,86.43117839,24,454.7245202,0
MUVATTUPUZHA,33.01583737,69.28910452,24,138.2372533,0
MUVATTUPUZHA,32.83323582,72.9621345,24,145.1810174,0
MUVATTUPUZHA,30.76916512,65.79395747,24,638.0697656,0
MUVATTUPUZHA,29.59733896,72.12283276,24,388.5829823,0
MUVATTUPUZHA,30.94718695,89.30246359,24,811.7600022,0
MUVATTUPUZHA,33.13410548,71.44245821,24,578.4570027,0
MUVATTUPUZHA,32.97555425,54.81561847,24,478.4563187,0
MUVATTUPUZHA,31.0771452,86.35397659,24,838.1741305,0
MUVATTUPUZHA,32.72805496,59.63522033,24,111.7131378,0
MUVATTUPUZHA,29.76149826,85.09640398,24,912.5777344,1
MUVATTUPUZHA,30.58762373,77.87243065,24,479.2024776,0
MUVATTUPUZHA,33.01256495,67.1530772,24,305.2615488,0
MUVATTUPUZHA,28.06618313,76.26410469,24,169.4781351,0
MUVATTUPUZHA,31.13813372,81.14947981,24,813.9399997,0
MUVATTUPUZHA,26.02609463,84.62045699,24,923.0737261,1
MUVATTUPUZHA,27.13461084,56.38222527,24,607.3672289,0
MUVATTUPUZHA,32.35042046,66.75823443,24,566.5438234,0
MUVATTUPUZHA,32.0981699,84.1172519,24,530.3121895,0
MUVATTUPUZHA,33.01687706,74.79242815,24,100.4024861,0
MUVATTUPUZHA,27.11848369,85.70942229,24,563.9555696,0
MUVATTUPUZHA,29.3859434,75.65811326,24,592.3364114,0
MUVATTUPUZHA,32.87273026,91.86342885,24,895.4434005,0
MUVATTUPUZHA,25.8115397,86.64536609,24,1046.452389,1
MUVATTUPUZHA,25.27791767,76.65789065,24,53.37979199,0
MUVATTUPUZHA,31.78249842,69.90437357,24,186.8351665,0
MUVATTUPUZHA,26.23824462,68.62916472,24,348.628248,0
MUVATTUPUZHA,31.87775405,88.99903625,24,813.0328786,0
MUVATTUPUZHA,28.28892431,90.8372715,24,1238.61461,1
MUVATTUPUZHA,29.3300169,83.99080171,24,986.5054165,1
MUVATTUPUZHA,29.81416339,54.71505827,24,494.4740455,0
MUVATTUPUZHA,26.41576526,91.67751169,24,1489.821909,1
MUVATTUPUZHA,28.35549775,75.34140094,24,239.3519577,0
MUVATTUPUZHA,29.28733897,81.24105282,24,667.487348,0
MUVATTUPUZHA,32.92564995,79.66485352,24,250.7162479,0
MUVATTUPUZHA,31.03903327,70.19966093,24,294.1351795,0
MUVATTUPUZHA,33.12441225,55.2904736,24,536.1306585,0
MUVATTUPUZHA,32.64631502,60.3966234,24,209.7818468,0
MUVATTUPUZHA,30.20499886,70.05330437,24,209.3394199,0
MUVATTUPUZHA,29.54523582,72.69646941,24,331.6817746,0
MUVATTUPUZHA,29.22253084,80.6295439,24,539.4411816,0
MUVATTUPUZHA,27.42489838,67.66985418,24,432.0945609,0
MUVATTUPUZHA,27.51319909,59.84311631,24,755.5122644,0
MUVATTUPUZHA,28.52878019,71.10352894,24,119.7687764,0
MUVATTUPUZHA,25.59599122,53.67097724,24,109.9972095,0
MUVATTUPUZHA,31.90017866,82.26992177,24,551.288269,0
MUVATTUPUZHA,28.59878615,88.271183,24,810.8391754,1
MUVATTUPUZHA,25.29179528,55.57116543,24,176.3986189,0
MUVATTUPUZHA,28.4933026,61.12324761,24,276.2028599,0
MUVATTUPUZHA,29.27780475,61.59758592,24,30.11865354,0
MUVATTUPUZHA,31.05580835,81.80205832,24,556.4905712,0
MUVATTUPUZHA,30.09428996,84.36769965,24,232.8812295,0
MUVATTUPUZHA,26.07075469,69.56754974,24,168.7426655,0
MUVATTUPUZHA,26.56014141,56.79481612,24,40.48292631,0
MUVATTUPUZHA,32.51944134,63.82064529,24,436.4704704,0
MUVATTUPUZHA,28.82111487,85.83731082,24,1038.454802,1
MUVATTUPUZHA,30.91237156,82.38382107,24,505.1583013,0
MUVATTUPUZHA,28.68923256,54.65872606,24,201.5495089,0
MUVATTUPUZHA,25.85071234,76.35947624,24,635.3223594,0
MUVATTUPUZHA,27.17113343,54.16423828,24,273.866638,0
MUVATTUPUZHA,25.92744379,75.15874464,24,574.7792156,0
MUVATTUPUZHA,29.40978131,71.99769354,24,248.0311388,0
MUVATTUPUZHA,26.61855649,55.66290793,24,258.1789773,0
MUVATTUPUZHA,26.12853714,83.29874777,24,1283.458446,1
MUVATTUPUZHA,30.58189424,61.73336471,24,176.3459243,0
MUVATTUPUZHA,31.46504599,81.44710637,24,669.0770703,0
MUVATTUPUZHA,32.07278265,78.72002227,24,429.4442354,0
MUVATTUPUZHA,32.05311609,69.89463627,24,91.38652082,0
MUVATTUPUZHA,32.40993607,60.68270526,24,766.5018528,0
MUVATTUPUZHA,28.65227831,79.36571547,24,623.0243859,0
MUVATTUPUZHA,26.56142425,72.1009741,24,298.0884439,0
MUVATTUPUZHA,29.10703934,67.0899721,24,550.0618648,0
MUVATTUPUZHA,32.28721517,67.56720215,24,503.1770185,0
MUVATTUPUZHA,31.69930448,66.48553426,24,460.0967869,0
MUVATTUPUZHA,30.50467735,76.31329412,24,708.6074985,0
MUVATTUPUZHA,32.71461441,70.68660107,24,433.295763,0
MUVATTUPUZHA,30.39451745,65.38182161,24,404.9123849,0
MUVATTUPUZHA,31.68804931,78.4313288,24,536.2968956,0
MUVATTUPUZHA,32.92462888,63.28739785,24,155.1389423,0
MUVATTUPUZHA,32.88364675,66.99562152,24,121.084074,0
MUVATTUPUZHA,27.02629857,67.37365802,24,178.2178256,0
MUVATTUPUZHA,26.4275877,75.42052339,24,70.76288074,0
MUVATTUPUZHA,32.1483052,80.51650944,24,649.9318854,0
MUVATTUPUZHA,29.22923458,80.58954519,24,895.4890557,1
MUVATTUPUZHA,32.88932521,84.85506237,24,916.3678287,0
MUVATTUPUZHA,31.39512526,76.3745778,24,649.4200775,0
MUVATTUPUZHA,32.81004359,65.65161242,24,157.4120147,0
MUVATTUPUZHA,32.05858727,65.04630729,24,324.0283001,0
MUVATTUPUZHA,27.03026735,71.58137387,24,178.6995347,0
MUVATTUPUZHA,27.8572514,71.10747652,24,792.0813024,0
MUVATTUPUZHA,31.85065787,62.64869599,24,649.6841448,0
MUVATTUPUZHA,29.31864325,91.27981059,24,987.7462657,1
MUVATTUPUZHA,32.23904685,91.74472344,24,845.9539559,0
MUVATTUPUZHA,30.98286482,66.23770214,24,103.5602698,0
MUVATTUPUZHA,30.16472059,70.47251318,24,52.7377624,0
MUVATTUPUZHA,32.79981146,73.97921983,24,502.420177,0
MUVATTUPUZHA,32.12199162,68.5346863,24,22.91724086,0
MUVATTUPUZHA,30.14114588,90.64613642,24,964.935321,0
MUVATTUPUZHA,28.16001995,54.71734655,24,212.9644467,0
MUVATTUPUZHA,31.87007013,74.8557215,24,249.8742427,0
MUVATTUPUZHA,28.24465639,59.97673086,24,734.9972941,0
MUVATTUPUZHA,28.15766156,80.22947314,24,787.3263519,1
MUVATTUPUZHA,30.59673298,80.88408958,24,358.3473545,0
MUVATTUPUZHA,30.96189921,67.94921751,24,261.4683592,0
MUVATTUPUZHA,32.92511889,86.12453533,24,792.6957676,0
MUVATTUPUZHA,28.3738513,76.50404525,24,367.6172444,0
MUVATTUPUZHA,32.07840897,66.42187006,24,724.1897656,0
MUVATTUPUZHA,30.82068609,72.35876475,24,262.8365902,0
MUVATTUPUZHA,31.64691742,66.53586682,24,750.8758353,0
MUVATTUPUZHA,27.38378746,75.33596964,24,781.9633228,1
MUVATTUPUZHA,29.59958022,85.72150492,24,950.9780069,1
MUVATTUPUZHA,32.7035748,78.3471742,24,349.7628446,0
MUVATTUPUZHA,29.19759127,84.84794533,24,1097.727704,1
MUVATTUPUZHA,29.44822402,81.54246668,24,828.8224202,1
MUVATTUPUZHA,30.51376259,76.4834428,24,572.8339829,0
MUVATTUPUZHA,32.0077327,69.33761378,24,123.2838835,0
MUVATTUPUZHA,28.71923073,60.39349858,24,440.2171703,0
MUVATTUPUZHA,25.66898169,66.66406153,24,499.7770644,0
MUVATTUPUZHA,27.09803212,88.67540689,24,1331.956808,1
MUVATTUPUZHA,25.38313068,70.93027915,24,599.8372942,0
MUVATTUPUZHA,31.44778664,75.54040162,24,649.6960845,0
MUVATTUPUZHA,28.22909051,80.01401694,24,826.0902061,1
MUVATTUPUZHA,31.77109982,84.64980007,24,671.5593389,0
MUVATTUPUZHA,27.28713787,74.80494134,24,840.8402804,0
MUVATTUPUZHA,31.80910966,76.46140923,24,253.0990099,0
MUVATTUPUZHA,31.39906656,86.17360429,24,404.4934389,0
MUVATTUPUZHA,26.95979079,86.66469492,24,995.0530833,1
MUVATTUPUZHA,31.13197215,57.27470286,24,540.0380558,0
MUVATTUPUZHA,31.13358586,70.31167956,24,639.32048,0
MUVATTUPUZHA,31.2977418,64.23785633,24,413.189107,0
MUVATTUPUZHA,30.73816797,77.08135208,24,262.5949744,0
MUVATTUPUZHA,32.76132382,80.39298374,24,68.40703291,0
MUVATTUPUZHA,28.87787626,60.89897583,24,436.1826563,0
MUVATTUPUZHA,32.52517465,89.76658155,24,590.1718627,0
MUVATTUPUZHA,29.51139258,90.41063199,24,1168.673303,1
MUVATTUPUZHA,28.62374414,83.93863768,24,762.9149451,1
PERIYAR,28.23229104,84.94788048,28,912.6684232,1
PERIYAR,27.20328539,75.95642166,28,397.3653225,0
PERIYAR,33.99497694,89.6078256,28,462.5597128,0
PERIYAR,27.21486795,64.63930451,28,267.7365504,0
PERIYAR,30.40010633,87.53212818,28,681.3551815,0
PERIYAR,30.65829846,86.50189331,28,618.5337385,0
PERIYAR,27.71415723,90.50570401,28,1327.325764,1
PERIYAR,29.93791286,81.96826469,28,610.8862559,0
PERIYAR,27.50336181,65.21947821,28,717.9038946,0
PERIYAR,34.68188485,58.18339096,28,160.1017651,0
PERIYAR,31.33207645,84.54478214,28,479.8223982,0
PERIYAR,28.85947077,84.75263727,28,238.7141823,0
PERIYAR,27.66564018,85.42117192,28,850.2147201,1
PERIYAR,33.01102826,62.09791551,28,3.725700879,0
PERIYAR,29.11993534,77.93880705,28,681.1597315,0
PERIYAR,31.34322585,84.57395853,28,634.427457,0
PERIYAR,32.73336047,88.93446615,28,1033.536553,0
PERIYAR,32.71104039,76.08412556,28,383.6307717,0
PERIYAR,34.36435917,82.90479385,28,979.8617006,0
PERIYAR,31.62942162,55.07174952,28,707.365368,0
PERIYAR,32.13816451,78.19164186,28,716.105929,0
PERIYAR,30.18779867,57.28446333,28,57.88443909,0
PERIYAR,30.46855414,56.99472667,28,334.5999331,0
PERIYAR,31.70644728,82.83534887,28,1009.405809,0
PERIYAR,29.94130376,75.38847606,28,170.5834123,0
PERIYAR,29.62926679,71.40419273,28,186.8455384,0
PERIYAR,32.51128166,81.98375661,28,396.2350451,0
PERIYAR,31.09080464,60.22352488,28,705.0239204,0
PERIYAR,33.13393684,85.57715731,28,744.6890329,0
PERIYAR,32.73751761,55.79143252,28,187.1143278,0
PERIYAR,34.75794031,80.80919848,28,807.9654561,0
PERIYAR,28.21973089,91.03372926,28,1526.087994,1
PERIYAR,30.87095533,72.48425341,28,647.6952226,0
PERIYAR,32.79396146,72.23223283,28,325.4503635,0
PERIYAR,32.04584686,89.84993417,28,881.5573595,0
PERIYAR,28.72359827,65.5764387,28,290.4403281,0
PERIYAR,31.32214249,58.02943069,28,681.1331656,0
PERIYAR,30.99323773,85.86307397,28,985.6794776,0
PERIYAR,34.64649835,68.33039511,28,615.4733216,0
PERIYAR,34.24719449,88.24789976,28,811.545428,0
PERIYAR,29.55118178,69.78549408,28,583.1072703,0
PERIYAR,32.20258781,63.24442923,28,658.1587928,0
PERIYAR,34.656977,86.39087303,28,886.5826844,0
PERIYAR,30.15541289,55.41156749,28,712.6825552,0
PERIYAR,28.0810464,90.2570884,28,1379.411651,1
PERIYAR,29.66289793,69.76782631,28,384.751271,0
PERIYAR,31.40446286,76.02270582,28,588.899939,0
PERIYAR,27.99924542,76.8003504,28,662.5493103,0
PERIYAR,34.7209962,89.87443158,28,851.6272972,0
PERIYAR,33.63512909,56.99889418,28,40.86595822,0
PERIYAR,33.19634161,80.76932842,28,805.5605781,0
PERIYAR,32.21441992,60.86155573,28,530.4698225,0
PERIYAR,28.55294756,83.70261294,28,959.3648228,1
PERIYAR,28.17322378,88.65336682,28,1234.751974,1
PERIYAR,28.21090916,79.78462497,28,447.4344213,0
PERIYAR,33.74156652,76.0534886,28,671.3296605,0
PERIYAR,33.2964011,79.57978204,28,532.7405543,0
PERIYAR,34.24548672,54.94261655,28,79.34126365,0
PERIYAR,29.9011307,80.07167274,28,861.8768446,1
PERIYAR,31.15049173,70.22342831,28,758.6888546,0
PERIYAR,32.86769987,78.00884823,28,872.94134,0
PERIYAR,29.17494929,89.28497894,28,976.5369238,1
PERIYAR,32.36507841,58.75619063,28,444.7330761,0
PERIYAR,32.18892364,70.30984862,28,972.0291304,0
PERIYAR,32.81722303,81.81271502,28,828.3717527,0
PERIYAR,33.76643871,77.03907275,28,937.7239346,0
PERIYAR,32.25858998,65.75468912,28,492.9740144,0
PERIYAR,31.51433996,82.32759217,28,533.4628863,0
PERIYAR,30.03408292,67.96916919,28,576.4566581,0
PERIYAR,31.36694208,58.27511242,28,655.3494544,0
PERIYAR,28.55258248,78.40800995,28,857.1886008,1
PERIYAR,29.76278521,84.6790107,28,974.0654503,1
PERIYAR,34.42781023,83.8165064,28,781.6518733,0
PERIYAR,30.84840079,55.63564909,28,666.1993184,0
PERIYAR,28.99058511,53.64740131,28,772.8789674,0
PERIYAR,31.09943623,65.90939357,28,664.1762505,0
PERIYAR,32.231444,74.78704564,28,228.1502259,0
PERIYAR,31.33734226,84.32758523,28,890.5797291,0
PERIYAR,33.58997911,70.84466629,28,571.1601428,0
PERIYAR,34.33304788,67.33589055,28,149.4142541,0
PERIYAR,31.75981386,86.67345504,28,904.956954,0
PERIYAR,29.06038352,88.57627929,28,1251.431094,1
PERIYAR,28.30504429,65.41833764,28,232.9622831,0
PERIYAR,29.86892082,72.10881642,28,40.545887,0
PERIYAR,30.81608937,79.4496534,28,233.3286464,0
PERIYAR,30.66450902,54.64156326,28,742.8181964,0
PERIYAR,29.50052276,57.53622099,28,729.4307063,0
PERIYAR,28.52947105,53.78358716,28,346.5289867,0
PERIYAR,29.31862049,90.9437853,28,961.829462,1
PERIYAR,29.74086795,63.56125768,28,18.80406952,0
PERIYAR,30.06469661,76.49497131,28,328.0310928,0
PERIYAR,31.68166597,76.16795847,28,625.4130635,0
PERIYAR,30.56943055,56.79432163,28,441.2870544,0
PERIYAR,31.18307632,87.97169392,28,1004.536623,0
PERIYAR,32.0741695,83.77180687,28,879.6301555,0
PERIYAR,30.00181375,69.42673963,28,667.2699658,0
PERIYAR,34.16062068,73.0552273,28,411.9947507,0
PERIYAR,32.54764785,78.72344184,28,276.9344283,0
PERIYAR,34.52860703,57.63039339,28,432.9924004,0
PERIYAR,33.33546555,77.89062144,28,461.3000956,0
PERIYAR,33.38561629,71.08604069,28,563.4339096,0
PERIYAR,34.2322518,85.25453737,28,805.8926355,0
PERIYAR,34.23109753,84.5424978,28,134.1013491,0
PERIYAR,34.03831874,55.4728374,28,428.0912499,0
PERIYAR,33.43896707,80.78352104,28,480.6283884,0
PERIYAR,32.79856168,87.06994174,28,931.491154,0
PERIYAR,27.97498885,76.3254434,28,458.2177885,0
PERIYAR,34.44830399,79.58807229,28,890.7225869,0
PERIYAR,28.38648118,64.41115072,28,47.0326657,0
PERIYAR,33.94562411,80.8007798,28,423.9796515,0
PERIYAR,27.33438951,85.94903916,28,782.0903888,1
PERIYAR,30.81029078,75.18636407,28,971.6495042,0
PERIYAR,30.44859728,84.99125253,28,887.7828504,0
PERIYAR,34.58775021,54.7922626,28,357.6233922,0
PERIYAR,31.50968785,67.64761663,28,175.2221089,0
PERIYAR,31.7334622,55.65852915,28,357.7297483,0
PERIYAR,28.48220393,58.45656373,28,318.3658124,0
PERIYAR,27.85758582,63.94292238,28,341.8409004,0
PERIYAR,29.63918979,89.57782994,28,1347.159053,1
PERIYAR,31.28697839,75.7235646,28,757.3956744,0
PERIYAR,30.33986759,65.80119545,28,117.875461,0
PERIYAR,33.32016431,80.24556343,28,732.2564133,0
PERIYAR,27.30996412,86.11102854,28,1013.22625,1
PERIYAR,32.72666983,71.16032919,28,621.3783017,0
PERIYAR,27.48160152,87.18889386,28,1078.896522,1
PERIYAR,29.24819569,83.2655451,28,930.6375883,1
PERIYAR,30.30180968,55.2167453,28,26.28429848,0
PERIYAR,32.7552577,53.85351703,28,617.66749,0
PERIYAR,34.17179944,87.75040974,28,869.458201,0
PERIYAR,34.62290545,69.42476317,28,358.8236714,0
PERIYAR,29.08607495,54.54395828,28,1016.26209,0
PERIYAR,31.62553206,81.76806368,28,855.9538447,0
PERIYAR,27.82061116,74.51981276,28,456.302198,0
PERIYAR,29.68187685,88.63278811,28,1427.856905,1
PERIYAR,31.58338497,79.96827035,28,730.3787988,0
PERIYAR,27.8591125,58.8149017,28,631.2117345,0
PERIYAR,27.53284199,72.63731422,28,742.7703608,0
PERIYAR,28.28127482,86.42362922,28,975.8073224,1
PERIYAR,31.08528518,82.27080464,28,929.1162773,0
PERIYAR,32.42322412,71.90736981,28,506.1643673,0
PERIYAR,32.64779176,71.18166373,28,432.9239946,0
PERIYAR,34.49564255,57.38513062,28,248.0323471,0
PERIYAR,32.97909851,91.12191723,28,593.4722452,0
PERIYAR,29.75236521,68.99616062,28,462.2314814,0
PERIYAR,28.32029355,85.72979121,28,284.6997138,0
PERIYAR,33.94034642,74.41775847,28,331.7667968,0
PERIYAR,27.37594807,54.38696481,28,252.0396739,0
PERIYAR,31.13603121,54.49852714,28,619.866753,0
PERIYAR,28.65699632,89.65434571,28,917.4255814,1
PERIYAR,31.1400564,69.83104476,28,516.3591916,0
PERIYAR,27.35077182,56.60815098,28,532.3152316,0
PERIYAR,28.60049685,67.32395297,28,624.847863,0
PERIYAR,34.18730697,82.68489057,28,689.9126926,0
PERIYAR,33.72063625,73.1388157,28,214.7877582,0
PERIYAR,32.62096546,82.73310951,28,689.7714799,0
PERIYAR,30.95203913,90.82664349,28,810.7804359,0
PERIYAR,32.15055866,54.64688969,28,515.7028897,0
PERIYAR,31.23816949,54.59241529,28,350.5960631,0
PERIYAR,28.45167471,80.34965891,28,978.36422,1
PERIYAR,30.02512758,90.75656683,28,985.741098,0
PERIYAR,32.26151327,83.45215678,28,694.5083498,0
PERIYAR,29.30229845,63.48671377,28,463.5796238,0
PERIYAR,30.27274333,64.20502058,28,20.48488914,0
PERIYAR,29.40066122,87.59345718,28,1377.121888,1
PERIYAR,33.5015273,74.42798819,28,155.7156133,0
PERIYAR,31.46351248,61.276418,28,511.4251005,0
PERIYAR,33.62535494,60.52606916,28,344.8953017,0
PERIYAR,27.74844849,68.3532379,28,443.7125378,0
PERIYAR,29.01707582,90.71584909,28,1398.529395,1
PERIYAR,33.06803194,78.92839235,28,580.098283,0
PERIYAR,30.03150069,67.7277089,28,362.235527,0
PERIYAR,27.70534758,60.78841658,28,137.1039013,0
PERIYAR,32.60068434,76.9882616,28,274.9860581,0
PERIYAR,27.91239505,75.41493583,28,187.6813531,0
PERIYAR,34.38196953,75.50969,28,79.71950241,0
PERIYAR,32.66340574,54.83258967,28,353.211972,0
PERIYAR,27.92014904,77.197644,28,800.2704699,1
PERIYAR,33.77538599,66.18359238,28,719.8496868,0
PERIYAR,31.26069544,85.95817984,28,369.1468995,0
PERIYAR,30.64828629,66.80901683,28,577.9122659,0
PERIYAR,32.26345744,60.29807119,28,120.5381309,0
PERIYAR,29.86243057,57.64023168,28,9.167917431,0
PERIYAR,30.00978036,74.87266744,28,47.17135568,0
PERIYAR,27.29370775,59.80882091,28,423.8370103,0
PERIYAR,27.86748815,68.59716544,28,456.4762275,0
PERIYAR,32.39718956,67.26901461,28,484.7660981,0
PERIYAR,31.52187986,69.84230242,28,889.651976,0
PERIYAR,34.02831883,76.90927762,28,9.222698303,0
PERIYAR,30.54916677,76.28353389,28,646.2496957,0
PERIYAR,31.90044783,77.83350153,28,201.4286559,0
PERIYAR,30.02297505,68.31777602,28,471.1133231,0
PERIYAR,34.12792292,70.7203532,28,592.0738265,0
PERIYAR,31.27397585,71.20951291,28,199.6137581,0
PERIYAR,28.38930923,91.14582072,28,399.3976619,0
PERIYAR,29.90660114,73.99979288,28,978.6716737,0
PERIYAR,34.76954296,67.15483733,28,640.8324161,0
PERIYAR,32.80771567,68.46780181,28,50.69349805,0
PERIYAR,31.34579687,60.24134404,28,565.6060507,0
PERIYAR,32.06486067,83.29258271,28,625.7773712,0
PERIYAR,30.19364757,70.87188099,28,577.9534975,0
PERIYAR,29.71153684,88.69461529,28,294.8475153,0
PERIYAR,29.95327081,79.24299632,28,982.2729123,1
PERIYAR,33.01566329,63.68882523,28,130.8494753,0
PERIYAR,29.65697022,86.54609627,28,1002.561829,1
PERIYAR,34.20897161,67.58996676,28,518.1270236,0
PERIYAR,24.66924177,72.9873923,28,870.8593571,0
PERIYAR,32.93016812,73.63102305,28,452.7026218,0
PERIYAR,27.80255698,80.48975514,28,858.8028589,1
PERIYAR,34.56746981,80.46584545,28,199.0689919,0
PERIYAR,33.84838452,59.299496,28,363.1444294,0
PERIYAR,30.43160391,76.99664626,28,26.20642381,0
PERIYAR,32.01025585,70.0925372,28,773.5379937,0
PERIYAR,32.51577019,70.78996449,28,222.9769268,0
PERIYAR,27.72356544,58.24709572,28,17.46372976,0
PERIYAR,32.3367176,57.38877972,28,537.618758,0
PERIYAR,27.6438906,80.94397399,28,908.2032699,1
PERIYAR,34.27078082,62.85587199,28,488.2989366,0
PERIYAR,32.27830554,57.08889539,28,530.4127563,0
PERIYAR,28.74069447,71.00139611,28,145.3845753,0
PERIYAR,34.72187997,59.27399302,28,313.6366622,0
PERIYAR,32.26616622,71.65079042,28,228.8815694,0
PERIYAR,27.76238439,81.04305704,28,835.3916844,1
PERIYAR,30.56080564,54.73516488,28,214.4305623,0
PERIYAR,30.00948041,53.66836857,28,408.973169,0
PERIYAR,33.72021183,53.93869034,28,552.998528,0
PERIYAR,31.99790432,60.43654498,28,651.1827337,0
PERIYAR,33.49446564,75.6819094,28,453.0441528,0
PERIYAR,33.15011623,64.04572776,28,421.7260584,0
PERIYAR,32.25504951,75.14352482,28,967.8623679,0
PERIYAR,29.2697181,84.69997323,28,999.8630385,1
PERIYAR,27.66574314,81.38774244,28,899.840193,1
PERIYAR,29.94062303,89.84655737,28,945.5073692,1
PERIYAR,30.30517837,83.56671585,28,993.7281473,0
PERIYAR,32.05153428,81.1280069,28,971.6886151,0
PERIYAR,33.24404217,63.0611307,28,394.1092659,0
PERIYAR,27.27662899,82.93071705,28,977.0127998,1
PERIYAR,28.90033418,61.04066745,28,331.2817748,0
PERIYAR,30.93248292,91.03656448,28,930.7180061,0
PERIYAR,28.4700378,73.29629703,28,621.2936121,0
PERIYAR,27.44885557,87.75227858,28,1014.561852,1
PERIYAR,31.99364957,90.1596521,28,1150.353261,0
PERIYAR,27.84189922,88.32511091,28,1248.832054,1
PERIYAR,32.27421192,73.77763726,28,554.3638639,0
PERIYAR,29.05258977,88.76501324,28,1011.129505,1
PERIYAR,32.29464061,62.11355157,28,482.492691,0
PERIYAR,29.1844441,65.0636876,28,510.5759997,0
PERIYAR,31.67946008,65.7179167,28,683.288145,0
PERIYAR,32.26373722,81.4786112,28,260.6574644,0
PERIYAR,28.56459172,61.45839281,28,745.922753,0
PERIYAR,31.82076209,56.83683469,28,381.5921944,0
KALLADA,28.47118843,90.94742288,8,935.6160079,1
KALLADA,27.07801729,71.8906612,8,321.4441637,0
KALLADA,31.50442765,83.06583057,8,202.9139371,0
KALLADA,30.92719009,79.18293875,8,605.4983011,0
KALLADA,27.26366193,74.47786183,8,604.6568788,0
KALLADA,32.5794127,66.79417998,8,556.5925349,0
KALLADA,31.08458228,78.7904223,8,550.4143584,0
KALLADA,30.51267951,66.65648386,8,498.3108643,0
KALLADA,28.07431376,89.39160986,8,1003.231849,1
KALLADA,31.58060226,64.70017933,8,285.603471,0
KALLADA,28.69807195,86.00444241,8,928.1441661,1
KALLADA,32.04488549,85.93476539,8,865.5063658,0
KALLADA,28.53338764,69.93517693,8,578.0187507,0
KALLADA,31.22268169,77.18275089,8,443.2977999,0
KALLADA,30.89210192,74.82607129,8,57.13157251,0
KALLADA,29.503324,89.18656556,8,1249.58014,1
KALLADA,26.65044218,60.51155016,8,513.0119862,0
KALLADA,27.74284504,87.0636309,8,969.6177617,1
KALLADA,27.82583624,88.76702482,8,1015.377153,1
KALLADA,31.59268419,81.44540006,8,549.5298837,0
KALLADA,27.37796325,60.41897482,8,241.8981899,0
KALLADA,29.00644006,58.24625534,8,283.6515483,0
KALLADA,28.74577379,58.93727807,8,129.8705535,0
KALLADA,27.37563442,73.61172948,8,336.1449736,0
KALLADA,28.31028056,84.35508714,8,903.9759658,1
KALLADA,29.54396556,68.97710496,8,425.8846201,0
KALLADA,30.58557483,82.99694913,8,883.0917643,0
KALLADA,27.19766328,62.01580422,8,637.8498001,0
KALLADA,32.35974457,76.89133929,8,575.1229747,0
KALLADA,30.9839835,58.63914984,8,331.5581064,0
KALLADA,32.20379323,83.21310106,8,850.1573429,0
KALLADA,30.57237413,74.189192,8,582.5910227,0
KALLADA,32.46435126,73.92748414,8,473.4438242,0
KALLADA,28.08023439,64.10918126,8,507.612756,0
KALLADA,32.93904363,90.75861527,8,870.9730516,0
KALLADA,30.49909086,67.86761593,8,402.3321083,0
KALLADA,32.32306173,63.10927821,8,490.6264712,0
KALLADA,28.85609507,81.720268,8,1131.005257,1
KALLADA,29.52535722,66.39986658,8,508.8326406,0
KALLADA,27.45151816,73.77770095,8,501.1796767,0
KALLADA,31.91268342,78.64763597,8,268.4918814,0
KALLADA,27.53512175,60.48992002,8,151.6663385,0
KALLADA,26.63659991,58.41042458,8,274.2057224,0
KALLADA,28.34935875,74.03238621,8,405.1766858,0
KALLADA,28.79140244,68.91493183,8,249.6386147,0
KALLADA,27.44026456,88.38643918,8,892.3997717,1
KALLADA,30.51936735,65.09564823,8,544.4151317,0
KALLADA,31.17799192,74.65671567,8,528.5703936,0
KALLADA,30.30527708,68.75364306,8,362.0912798,0
KALLADA,30.18488064,63.53555578,8,607.2226572,0
KALLADA,31.45064745,66.64585565,8,223.2453202,0
KALLADA,30.69853755,60.10600969,8,453.9236224,0
KALLADA,26.81069125,58.13231923,8,209.4459973,0
KALLADA,29.39136967,73.62213104,8,597.7887726,0
KALLADA,28.36748767,82.21557702,8,803.3827348,1
KALLADA,30.09728489,65.12157188,8,192.0475743,0
KALLADA,30.8037785,60.2791401,8,416.6764956,0
KALLADA,29.80603339,62.43513122,8,146.4123062,0
KALLADA,28.77269621,83.22367751,8,1155.855666,1
KALLADA,31.6604166,73.60743025,8,36.59713265,0
KALLADA,29.98749996,70.90401065,8,544.5204611,0
KALLADA,29.64482866,62.50635492,8,160.3029035,0
KALLADA,32.53597723,78.54166174,8,187.854528,0
KALLADA,31.43426704,84.71872248,8,796.5933338,0
KALLADA,31.45725142,65.50036376,8,202.6038346,0
KALLADA,26.62933609,73.37996669,8,423.7519848,0
KALLADA,29.23421239,66.3914216,8,368.6766854,0
KALLADA,29.81930886,60.82594039,8,102.8948005,0
KALLADA,30.84672827,89.94517344,8,995.0790413,0
KALLADA,26.94539478,86.69149103,8,1276.400744,1
KALLADA,30.99534528,73.7783439,8,265.0707402,0
KALLADA,30.41886119,77.40971047,8,516.3590367,0
KALLADA,27.94583424,90.27978663,8,1426.40887,1
KALLADA,29.00589602,70.29698418,8,620.1315584,0
KALLADA,30.08854304,61.64708965,8,615.0356277,0
KALLADA,31.95364645,74.55479387,8,520.0355109,0
KALLADA,31.81589728,77.85701929,8,240.5334913,0
KALLADA,26.86767792,57.5543412,8,484.0851746,0
KALLADA,27.15651798,75.58196463,8,141.4420936,0
KALLADA,32.91802937,88.84634356,8,862.9243585,0
KALLADA,29.24137928,76.76786043,8,576.6250834,0
KALLADA,30.93533344,59.22378264,8,366.7758457,0
KALLADA,30.71280084,77.15406014,8,326.1394368,0
KALLADA,32.54198791,65.66770145,8,439.924967,0
KALLADA,28.13344361,59.20044773,8,137.9756752,0
KALLADA,32.12389795,86.29730712,8,791.5200628,0
KALLADA,31.2715668,75.63977927,8,275.6206549,0
KALLADA,32.03558919,86.402579,8,807.4032671,0
KALLADA,26.67904163,88.347848,8,948.276977,1
KALLADA,32.1553918,77.63599766,8,227.3518327,0
KALLADA,26.85951089,59.36104276,8,410.4509926,0
KALLADA,28.79475921,80.14705568,8,841.4840258,1
KALLADA,32.64137528,90.60044636,8,967.5614175,0
KALLADA,29.98143533,91.47834889,8,1168.80021,1
KALLADA,27.28063813,89.52860418,8,1287.282946,1
KALLADA,31.6506173,71.83892627,8,546.0548526,0
KALLADA,31.3783398,73.989252,8,273.1049752,0
KALLADA,28.8238656,89.32773029,8,914.0075301,1
KALLADA,27.27472732,82.60763005,8,957.6007647,1
KALLADA,29.4869213,77.03502326,8,73.99020229,0
KALLADA,28.18752184,65.36241516,8,408.0707874,0
KALLADA,28.19347745,62.03660888,8,71.34470055,0
KALLADA,32.83895221,57.59704612,8,516.8242399,0
KALLADA,30.31169205,81.27731864,8,805.6072436,0
KALLADA,32.47938486,61.01032766,8,553.59973,0
KALLADA,30.84585555,63.43536718,8,543.1974585,0
KALLADA,30.42546678,62.27463045,8,295.1042232,0
KALLADA,29.5286874,70.58321261,8,154.8933169,0
KALLADA,29.17068332,91.49388679,8,1141.050613,1
KALLADA,30.49553831,58.45723778,8,256.4846627,0
KALLADA,28.5471822,59.19889888,8,249.2323946,0
KALLADA,30.28441615,63.25730796,8,72.798246,0
KALLADA,26.82539411,80.25991129,8,910.2644094,1
KALLADA,29.9492204,73.70311928,8,521.8596079,0
KALLADA,30.65840436,76.36973304,8,347.0060643,0
KALLADA,30.82586803,71.8781077,8,142.1642615,0
KALLADA,31.78420905,76.90687546,8,224.3236395,0
KALLADA,27.16744526,62.50181142,8,269.9183465,0
KALLADA,32.9967149,75.01863187,8,486.4912468,0
KALLADA,31.30936773,62.10045472,8,399.7821036,0
KALLADA,32.59398815,76.84685874,8,3.7334125,0
KALLADA,32.60259468,77.52074672,8,68.35954305,0
KALLADA,30.95882514,58.54942305,8,542.4206682,0
KALLADA,31.11563544,81.18518278,8,817.4054615,0
KALLADA,31.80581079,78.69988957,8,122.1701105,0
KALLADA,28.42810495,81.62466911,8,147.5907794,0
KALLADA,27.82282499,60.22766802,8,401.705692,0
KALLADA,29.90727363,58.96420803,8,332.2001645,0
KALLADA,31.5003421,75.24507259,8,236.9879141,0
KALLADA,28.91146942,88.46995356,8,933.8019954,1
KALLADA,32.22464004,76.09176501,8,214.766018,0
KALLADA,32.96617222,70.22474257,8,432.4881092,0
KALLADA,28.84862295,75.93418147,8,464.902995,0
KALLADA,28.50976927,86.17373196,8,954.9807773,1
KALLADA,29.84786867,65.73089903,8,335.7685254,0
KALLADA,28.78853452,70.02605691,8,493.5899583,0
KALLADA,32.08974521,66.56552884,8,90.50854417,0
KALLADA,32.27429551,84.8614623,8,827.937315,0
KALLADA,32.4923358,74.07034862,8,497.8255097,0
KALLADA,29.51898377,77.35895864,8,77.26836089,0
KALLADA,31.91462276,58.79716783,8,141.5673673,0
KALLADA,27.73772307,61.65371496,8,437.9513215,0
KALLADA,27.13108823,73.32225964,8,86.99581721,0
KALLADA,28.77906079,88.75513083,8,619.1579362,0
KALLADA,30.89064934,84.05286113,8,870.0854457,0
KALLADA,29.32744202,79.14314691,8,236.3435113,0
KALLADA,27.7423986,77.8239875,8,335.6791038,0
KALLADA,31.02216964,79.84052193,8,315.0607396,0
KALLADA,31.60628157,88.4688856,8,951.8219972,0
KALLADA,26.99925679,86.00720593,8,1026.643612,1
KALLADA,31.18496753,63.5021741,8,83.23737667,0
KALLADA,31.866205,82.64501543,8,890.3253246,0
KALLADA,30.29721894,57.92194963,8,255.5734361,0
KALLADA,27.62878648,90.47322613,8,1289.105643,1
KALLADA,26.72284531,91.23598596,8,1250.722108,1
KALLADA,30.66096391,68.75896541,8,478.4300481,0
KALLADA,28.50972898,64.46674927,8,285.6298444,0
KALLADA,30.11790751,58.7311753,8,429.913277,0
KALLADA,28.23612434,66.8085054,8,550.3803436,0
KALLADA,32.30941777,74.94199565,8,504.7778226,0
KALLADA,29.4853426,78.24578557,8,611.6640033,0
KALLADA,32.98568475,68.92867997,8,145.9837527,0
KALLADA,27.04414301,71.16641753,8,508.1115181,0
KALLADA,32.85409936,86.31693691,8,1096.180356,0
KALLADA,30.259298,78.61519018,8,34.09371359,0
KALLADA,30.92119412,87.7521346,8,981.2387787,0
KALLADA,29.86975016,81.22821228,8,830.0448657,1
KALLADA,28.63487194,58.3124388,8,636.631151,0
KALLADA,32.58107677,76.41634982,8,273.7100673,0
KALLADA,28.55979042,68.26252559,8,273.1584557,0
KALLADA,31.82091864,62.84459349,8,503.2355153,0
KALLADA,26.68420048,72.87945159,8,450.5382701,0
KALLADA,28.41103845,78.31778329,8,301.028619,0
KALLADA,30.2978222,74.94217775,8,367.7195658,0
KALLADA,29.25658474,64.38928902,8,70.19433097,0
KALLADA,27.49362419,65.13719073,8,489.6532133,0
KALLADA,32.61989124,81.37157342,8,991.7534063,0
KALLADA,27.75349623,67.42565471,8,419.4942748,0
KALLADA,32.04897306,64.22549894,8,450.1554207,0
KALLADA,29.96667826,78.65800305,8,387.4281563,0
KALLADA,30.35380601,66.08472088,8,399.6327864,0
KALLADA,31.76746919,61.86662302,8,521.7839488,0
KALLADA,32.69989291,63.23097001,8,635.6682129,0
KALLADA,33.14450215,76.34680118,8,6.165903721,0
KALLADA,32.02432889,59.79221544,8,375.2975548,0
KALLADA,28.26832401,78.07454696,8,39.33866131,0
KALLADA,32.36840093,66.19956355,8,299.2781948,0
KALLADA,26.83714419,61.06461791,8,566.5133422,0
KALLADA,26.78265431,67.67444541,8,488.9446823,0
KALLADA,28.23046466,75.29035268,8,286.9354466,0
KALLADA,27.16625382,80.72820113,8,1144.194145,1
KALLADA,26.98939989,79.73095719,8,302.3944766,0
KALLADA,27.48263764,63.72339997,8,10.44567876,0
KALLADA,28.60228999,66.53343802,8,632.9226063,0
KALLADA,27.65778377,84.28896327,8,872.7666164,1
KALLADA,26.07018885,90.40095941,8,1097.166824,1
KALLADA,32.24779825,74.81155807,8,615.9165676,0
KALLADA,32.15893402,75.40490737,8,565.2730712,0
KALLADA,27.67583007,76.30026192,8,549.7702199,0
KALLADA,26.71868196,85.50633227,8,940.5335325,1
KALLADA,28.5659025,70.75054831,8,281.9395181,0
KALLADA,26.94101468,68.67420918,8,176.9065375,0
KALLADA,28.3549428,68.14341036,8,33.10347992,0
KALLADA,30.74722466,74.64127578,8,522.756209,0
KALLADA,32.03585129,71.08242371,8,62.00804914,0
KALLADA,31.22755798,89.3652789,8,954.415853,0
KALLADA,31.39561455,59.47243416,8,530.0236794,0
KALLADA,27.86515568,81.59256407,8,839.7334934,1
KALLADA,31.83561795,68.76613936,8,193.4742774,0
KALLADA,28.28055699,71.02283286,8,301.8734585,0
KALLADA,28.19410732,63.92872699,8,302.1586553,0
KALLADA,29.45622459,84.62455581,8,883.4065705,1
KALLADA,31.19548079,75.67147472,8,622.8442846,0
KALLADA,31.13067612,64.03264436,8,5.920220674,0
KALLADA,32.90692629,81.34488834,8,151.3693886,0
KALLADA,27.97299238,58.86731082,8,339.7286228,0
KALLADA,31.02604622,71.40835847,8,416.2300239,0
KALLADA,27.0777839,58.59100578,8,76.78419717,0
KALLADA,28.29317045,65.16738858,8,272.23555,0
KALLADA,27.75171333,57.07433781,8,406.9160125,0
KALLADA,28.37105458,89.39741545,8,1000.134368,1
KALLADA,31.767684,87.19643713,8,875.9256068,0
KALLADA,29.98238959,82.04217266,8,821.2026012,1
KALLADA,27.46729599,81.13875208,8,830.6817553,1
KALLADA,29.98802001,79.7083654,8,497.1196722,0
KALLADA,31.15245415,68.91398809,8,227.6290033,0
KALLADA,32.17395913,81.48740374,8,850.7155529,0
KALLADA,31.88143708,70.69548185,8,9.162365438,0
KALLADA,28.05948285,81.68286887,8,817.1884856,1
KALLADA,27.22686961,83.66537125,8,856.1968797,1
KALLADA,29.77971775,71.88246634,8,273.1556602,0
KALLADA,28.5880384,86.08087418,8,848.6638683,1
KALLADA,26.96875467,90.07763511,8,922.1991754,1
KALLADA,27.1401814,83.35083329,8,814.3423307,1
KALLADA,30.66833655,91.41765664,8,910.4886328,0
KALLADA,29.86587871,86.16283515,8,862.1495203,1
KALLADA,30.36427067,80.3249401,8,809.9659794,0
KALLADA,26.99521238,57.43456076,8,112.3630321,0
KALLADA,30.56614355,70.59098065,8,225.3486769,0
KALLADA,32.4965618,61.69578235,8,358.2991776,0
KALLADA,31.42928135,66.6712725,8,318.7690811,0
KALLADA,32.0883243,73.58728056,8,519.9695054,0
KALLADA,28.93119771,74.07762717,8,563.2881834,0
KALLADA,27.74470668,72.96505765,8,51.88487682,0
KALLADA,27.54434606,60.28544358,8,464.3205164,0
KALLADA,27.50984565,79.38871126,8,801.1585207,1
KALLADA,28.62227194,66.55356907,8,603.9371875,0
KALLADA,27.36718438,78.77830649,8,625.508682,0
KALLADA,30.98644746,58.91869905,8,383.3127005,0
KALLADA,27.1286854,88.12532774,8,1000.538629,1
IDUKKI,32.98908119,64.01033597,1067,592.1255526,0
IDUKKI,33.54660929,84.48600718,1067,993.8221387,1
IDUKKI,34.29064373,68.15336584,1067,707.5518731,0
IDUKKI,30.49467277,74.22213478,1067,1334.982908,1
IDUKKI,33.56515334,53.41794399,1067,760.6483589,1
IDUKKI,27.3146173,72.01698357,1067,802.8857326,1
IDUKKI,34.76353963,83.75299328,1067,1364.818664,1
IDUKKI,30.88875166,64.70064739,1067,538.8961504,0
IDUKKI,28.3732991,84.63304297,1067,1355.268857,1
IDUKKI,35.60312939,86.67597472,1067,1148.85462,1
IDUKKI,32.89694615,71.98199884,1067,975.945484,1
IDUKKI,31.87165869,66.24413609,1067,756.216638,1
IDUKKI,30.38340587,71.21148167,1067,1042.263118,1
IDUKKI,35.11182066,86.18307796,1067,1283.772443,1
IDUKKI,34.60539525,84.58822071,1067,1379.519204,1
IDUKKI,28.72415416,84.95108589,1067,1099.492188,1
IDUKKI,34.41529121,56.06643369,1067,308.3381419,0
IDUKKI,33.503935,75.24553495,1067,1332.065751,1
IDUKKI,29.31063386,72.33208255,1067,896.6234775,1
IDUKKI,33.43526902,79.70625649,1067,841.1081101,1
IDUKKI,29.99599486,56.34408321,1067,791.1368767,1
IDUKKI,34.18766612,83.3676048,1067,573.5302167,0
IDUKKI,33.31921873,77.24869382,1067,746.7946511,0
IDUKKI,31.76203436,76.86642355,1067,414.326962,0
IDUKKI,34.68650596,86.18637721,1067,940.8485812,1
IDUKKI,26.47919489,89.94814334,1067,1027.546141,1
IDUKKI,34.18316468,78.58990255,1067,741.2593784,0
IDUKKI,34.88542347,62.55830189,1067,39.81273202,0
IDUKKI,32.95372891,53.55945357,1067,859.311772,1
IDUKKI,31.47713208,85.32720788,1067,919.2736295,1
IDUKKI,26.4300769,82.05620572,1067,1292.441652,1
IDUKKI,32.74498698,70.34177105,1067,735.0461961,0
IDUKKI,26.7644953,69.06810361,1067,532.0351234,0
IDUKKI,34.5825799,50.81890645,1067,691.9223827,0
IDUKKI,27.71370841,86.21375841,1067,878.96967,1
IDUKKI,30.09895743,82.63514714,1067,829.2560503,1
IDUKKI,27.10098553,84.33231541,1067,1150.493212,1
IDUKKI,31.12070344,66.92964388,1067,1266.833245,1
IDUKKI,29.92958848,74.12559586,1067,173.9548723,0
IDUKKI,27.43253534,83.94811249,1067,1065.138461,1
IDUKKI,29.94524138,52.37525769,1067,686.2089843,0
IDUKKI,34.5789242,82.99309415,1067,1320.847824,1
IDUKKI,30.17162915,82.47184673,1067,1076.311154,1
IDUKKI,28.11567646,85.5516553,1067,1388.661438,1
IDUKKI,34.07855236,55.46879152,1067,882.4785669,1
IDUKKI,27.81231831,82.89814165,1067,997.1227603,1
IDUKKI,26.26988516,79.21539985,1067,882.9153819,1
IDUKKI,32.57596589,68.30453732,1067,408.5706251,0
IDUKKI,31.93476888,60.89283307,1067,605.030759,0
IDUKKI,30.26127467,55.04829947,1067,303.590337,0
IDUKKI,31.41988291,79.16983306,1067,813.9473149,1
IDUKKI,26.69234049,82.172713,1067,919.8691663,1
IDUKKI,31.48900161,72.82423058,1067,858.896341,1
IDUKKI,35.39161616,55.33589152,1067,636.6200071,0
IDUKKI,27.63937687,81.05071769,1067,1207.394002,1
IDUKKI,31.70846089,77.16836985,1067,1258.57891,1
IDUKKI,27.46114798,72.59407717,1067,915.6385892,1
IDUKKI,33.34613022,50.00794005,1067,696.4681831,0
IDUKKI,30.32749755,64.17905195,1067,800.2282133,1
IDUKKI,26.88501736,85.44966385,1067,960.9175024,1
IDUKKI,31.35442038,60.09546428,1067,919.588939,1
IDUKKI,29.33343745,57.75169401,1067,846.60246,1
IDUKKI,31.36169606,58.0800529,1067,181.2755938,0
IDUKKI,30.93240437,83.59201627,1067,1093.951169,1
IDUKKI,35.33371968,77.20154664,1067,883.7059785,1
IDUKKI,30.61662849,60.70821089,1067,871.161182,1
IDUKKI,33.20428975,85.52345093,1067,1085.75961,1
IDUKKI,30.74836159,86.69515467,1067,1242.608822,1
IDUKKI,27.27099964,74.37863699,1067,1256.198155,1
IDUKKI,27.72026619,76.56042032,1067,832.9095385,1
IDUKKI,28.66782376,75.26475878,1067,890.0212131,1
IDUKKI,32.04660445,69.54711011,1067,238.1676098,0
IDUKKI,29.04139697,81.45263573,1067,965.0385227,1
IDUKKI,31.94607581,51.24842766,1067,563.457787,0
IDUKKI,29.09984413,75.23903831,1067,980.8971452,1
IDUKKI,33.08527139,63.72217079,1067,708.465852,0
IDUKKI,30.65272513,72.88439177,1067,869.0990775,1
IDUKKI,32.63865666,56.26949543,1067,290.0362669,0
IDUKKI,26.94561738,63.70772864,1067,35.76168717,0
IDUKKI,30.98529284,55.7218297,1067,501.9711252,0
IDUKKI,26.65913962,62.69517647,1067,771.109695,1
IDUKKI,28.96974108,78.95943088,1067,812.5346839,1
IDUKKI,34.82313888,52.79889419,1067,446.048999,0
IDUKKI,34.74376165,86.20207754,1067,942.4265597,1
IDUKKI,30.66218909,64.88295677,1067,614.259291,0
IDUKKI,27.53079256,55.78859862,1067,303.475795,0
IDUKKI,31.15130966,60.38834762,1067,331.3467301,0
IDUKKI,31.91230316,70.00685891,1067,844.5746641,1
IDUKKI,26.32058502,70.57184931,1067,1010.433839,1
IDUKKI,34.89587503,86.5129423,1067,970.794395,1
IDUKKI,35.6888595,70.76654757,1067,442.9459832,0
IDUKKI,26.78945793,82.29197441,1067,1158.728417,1
IDUKKI,33.19041375,58.86396334,1067,675.262019,0
IDUKKI,32.89688832,69.85075409,1067,497.2820367,0
IDUKKI,27.87801988,71.63625188,1067,844.6108117,1
IDUKKI,33.13166333,81.60288012,1067,1327.45124,1
IDUKKI,33.04696474,68.06936852,1067,592.2033231,0
IDUKKI,33.70745668,62.15235868,1067,584.5669099,0
IDUKKI,27.7605103,50.85188557,1067,581.0155708,0
IDUKKI,31.53774956,60.26397192,1067,257.9630526,0
IDUKKI,30.3292758,77.66544281,1067,873.8305055,1
IDUKKI,30.21491471,59.15627477,1067,546.809049,0
IDUKKI,34.30995173,69.46162437,1067,746.0484669,0
IDUKKI,34.67765432,72.60242463,1067,917.6467656,1
IDUKKI,34.492932,85.66666637,1067,1017.616095,1
IDUKKI,28.02958402,74.33157514,1067,931.9541179,1
IDUKKI,33.02848843,74.0093994,1067,775.166186,1
IDUKKI,27.55258158,61.67788783,1067,371.6729355,0
IDUKKI,27.25819523,75.71765441,1067,1046.99504,1
IDUKKI,32.42870924,52.29196277,1067,793.7350475,1
IDUKKI,32.40971511,86.50513917,1067,1409.890855,1
IDUKKI,35.54623572,78.53573211,1067,801.8413413,1
IDUKKI,28.60833123,77.82138318,1067,830.452861,1
IDUKKI,34.56601197,54.63086605,1067,779.9816842,1
IDUKKI,35.42618885,78.80746761,1067,869.8668436,1
IDUKKI,26.54657636,84.57947635,1067,1062.308829,1
IDUKKI,34.68260488,82.60409562,1067,968.1432616,1
IDUKKI,28.41987686,54.24805421,1067,428.434134,0
IDUKKI,33.35257604,60.50397698,1067,491.229017,0
IDUKKI,31.48280103,57.32136002,1067,474.574611,0
IDUKKI,28.89732098,69.52134083,1067,331.534626,0
IDUKKI,27.33299401,67.31181142,1067,444.3155864,0
IDUKKI,26.81967619,51.14637288,1067,707.9231459,0
IDUKKI,33.69874121,58.00864818,1067,661.013248,0
IDUKKI,31.68692334,79.33852071,1067,875.1477025,1
IDUKKI,32.85646581,77.53455136,1067,793.5631996,1
IDUKKI,29.51308893,73.31548082,1067,865.7828936,1
IDUKKI,33.16359378,74.04148003,1067,941.982843,1
IDUKKI,27.74717457,61.87962735,1067,965.4684761,1
IDUKKI,29.39635123,85.37732601,1067,1466.411433,1
IDUKKI,32.75277951,86.77753051,1067,1338.715972,1
IDUKKI,32.24896714,77.53404044,1067,993.0341115,1
IDUKKI,29.22797334,67.73020895,1067,731.7879376,0
IDUKKI,30.51046302,63.12921426,1067,967.792935,1
IDUKKI,28.69083292,55.81475003,1067,508.67689,0
IDUKKI,35.58529069,65.32016911,1067,697.7576581,0
IDUKKI,32.87061674,56.21275856,1067,277.1271174,0
IDUKKI,30.39990513,61.80376495,1067,585.8785715,0
IDUKKI,26.74489877,70.84208305,1067,724.8751736,0
IDUKKI,26.79021444,83.71024164,1067,997.7816494,1
IDUKKI,35.31167763,63.06597068,1067,274.9339716,0
IDUKKI,29.46218789,67.67814194,1067,724.7342765,0
IDUKKI,28.87640769,81.4051563,1067,1183.471618,1
IDUKKI,31.75397992,84.77492071,1067,1021.790906,1
IDUKKI,32.0915672,55.94379963,1067,343.5605672,0
IDUKKI,30.93138944,71.41208516,1067,479.602074,0
IDUKKI,29.85059515,86.02728101,1067,50.62796919,0
IDUKKI,32.50692273,64.21305573,1067,830.311323,1
IDUKKI,32.37143776,55.5126432,1067,766.9648916,1
IDUKKI,28.57126541,66.61995918,1067,964.6337347,1
IDUKKI,35.349676,59.83941589,1067,956.6361017,1
IDUKKI,34.71560952,60.24467974,1067,505.2190661,0
IDUKKI,34.70713204,64.8518475,1067,237.2036585,0
IDUKKI,27.93640619,61.4967624,1067,944.09974,1
IDUKKI,32.66010371,64.50703202,1067,493.572164,0
IDUKKI,33.25528676,71.37817707,1067,694.179552,0
IDUKKI,30.17062906,51.3637825,1067,724.829594,0
IDUKKI,32.50071533,86.39911936,1067,1206.798548,1
IDUKKI,31.89716258,75.1099802,1067,830.4463371,1
IDUKKI,26.84660778,80.9300704,1067,981.029983,1
IDUKKI,27.82010586,50.80149779,1067,321.6911082,0
IDUKKI,33.07561005,81.88575069,1067,1004.583399,1
IDUKKI,32.74030917,56.83103742,1067,1027.833612,1
IDUKKI,30.75321227,73.51908584,1067,1129.971613,1
IDUKKI,27.00822224,84.66343796,1067,1321.029856,1
IDUKKI,29.74602178,70.00513607,1067,763.9955688,1
IDUKKI,29.56322339,86.26271647,1067,1409.78418,1
IDUKKI,29.83004309,81.59213826,1067,1230.805094,1
IDUKKI,29.09673488,59.08905844,1067,192.6058371,0
IDUKKI,31.78562642,68.6555098,1067,211.2864183,0
IDUKKI,27.0924863,80.08977673,1067,985.1348274,1
IDUKKI,33.19196005,76.38233608,1067,615.7314187,0
IDUKKI,26.67778915,57.81210406,1067,193.617306,0
IDUKKI,33.3331631,84.70077569,1067,1184.091713,1
IDUKKI,30.09061533,53.75994771,1067,576.1491615,0
IDUKKI,28.4351297,71.94368744,1067,821.1046846,1
IDUKKI,29.94803244,51.49340651,1067,279.5491601,0
IDUKKI,34.77092156,77.41619503,1067,274.6939315,0
IDUKKI,30.7809923,86.05936399,1067,1133.215646,1
IDUKKI,34.45381208,87.57827477,1067,964.890957,1
IDUKKI,31.71563318,91.22445527,1067,1421.736259,1
IDUKKI,28.13649505,57.9722963,1067,487.2640544,0
IDUKKI,27.75556728,59.80260671,1067,449.233077,0
IDUKKI,30.6475648,72.23293529,1067,366.470564,0
IDUKKI,33.56615316,65.889433,1067,423.707436,0
IDUKKI,30.89365028,75.14753911,1067,487.5566673,0
IDUKKI,32.85250551,62.15261633,1067,121.0806688,0
IDUKKI,29.08092298,51.05448904,1067,291.345247,0
IDUKKI,27.20608116,71.96734586,1067,1122.686853,1
IDUKKI,29.6646256,53.16484393,1067,977.6644733,1
IDUKKI,28.70361294,76.70086253,1067,828.3765339,1
IDUKKI,29.22215703,55.50037744,1067,48.90738686,0
IDUKKI,29.77859892,64.61189236,1067,523.530751,0
IDUKKI,32.20265228,59.51874256,1067,857.5261157,1
IDUKKI,32.47867251,60.11720673,1067,56.85734246,0
IDUKKI,28.25643601,87.55754771,1067,1264.836898,1
IDUKKI,30.43759347,55.0911345,1067,748.550566,0
IDUKKI,29.57375191,72.81349545,1067,998.0294699,1
IDUKKI,29.68654124,75.44419455,1067,1400.859331,1
IDUKKI,33.57503758,72.29220579,1067,888.252393,1
IDUKKI,28.53608098,75.75189815,1067,1112.420584,1
IDUKKI,30.58869528,87.58833301,1067,1277.930825,1
IDUKKI,27.89292551,57.44455867,1067,75.9684473,0
IDUKKI,30.12679417,51.95749329,1067,142.2826571,0
IDUKKI,33.46403708,76.64746205,1067,1446.781333,1
IDUKKI,34.01878683,71.62588933,1067,837.2643088,1
IDUKKI,31.29586574,83.71816551,1067,1381.710363,1
IDUKKI,31.66987727,54.95746763,1067,685.7484154,0
IDUKKI,31.08880137,78.96835871,1067,881.3041658,1
IDUKKI,34.29506885,61.69762883,1067,522.6003831,0
IDUKKI,33.63997311,84.39391138,1067,399.7809175,0
IDUKKI,28.29391078,56.87824678,1067,530.6417162,0
IDUKKI,31.20777278,53.54852223,1067,1211.798722,1
IDUKKI,27.53427326,70.49010815,1067,72.61250669,0
IDUKKI,30.77123454,84.573136,1067,992.6638982,1
IDUKKI,34.10531095,65.34677573,1067,808.489914,1
IDUKKI,27.4125472,67.01390715,1067,866.4266595,1
IDUKKI,34.73613114,75.10294427,1067,895.0345433,1
IDUKKI,33.67094325,82.03394912,1067,917.8026423,1
IDUKKI,32.21756303,80.26164322,1067,994.7128126,1
IDUKKI,31.54373082,52.97061119,1067,650.268011,0
IDUKKI,28.51977655,62.49171338,1067,169.5651427,0
IDUKKI,28.03082655,79.488619,1067,816.9883,1
IDUKKI,30.1473115,89.20249477,1067,1364.347617,1
IDUKKI,28.9820032,86.91369205,1067,1173.574381,1
IDUKKI,31.4075517,56.28516339,1067,256.2195246,0
IDUKKI,30.55804794,64.79067203,1067,791.1122526,1
IDUKKI,33.99736327,91.14144077,1067,1471.587895,1
IDUKKI,29.24926165,57.52859857,1067,750.9369372,1
IDUKKI,26.54480068,84.78599619,1067,1025.570954,1
IDUKKI,29.84163053,67.98570017,1067,667.7344274,0
IDUKKI,35.68941554,66.55559873,1067,772.9998852,1
IDUKKI,29.86343687,65.42443092,1067,659.3404376,0
IDUKKI,35.6388781,85.65708231,1067,1344.017952,1
IDUKKI,31.19362692,79.87376977,1067,1135.438994,1
IDUKKI,35.62060288,52.61625442,1067,566.5699625,0
IDUKKI,34.93196523,60.64298387,1067,468.344546,0
IDUKKI,31.52775578,71.62837306,1067,475.2962136,0
IDUKKI,29.53521654,73.43447925,1067,618.5080412,0
IDUKKI,32.65849694,58.97426458,1067,347.4166661,0
IDUKKI,30.52519085,60.09294673,1067,607.348398,0
IDUKKI,30.37171392,70.36252898,1067,443.8096705,0
IDUKKI,29.35303628,81.7719299,1067,936.6518867,1
IDUKKI,35.11940183,83.13320889,1067,641.7205287,0
IDUKKI,29.30102176,84.17749096,1067,1401.55421,1
IDUKKI,29.06801606,83.16100324,1067,1187.141638,1
IDUKKI,27.48120262,74.56390454,1067,854.9291644,1
IDUKKI,28.39483488,83.29667841,1067,1178.256574,1
IDUKKI,33.20710417,68.43455592,1067,753.5739749,1
IDUKKI,28.68047987,71.77769091,1067,802.016725,1
